<annotation>
	<folder>images</folder>
	<filename>handdrawn2.jpg.jpg</filename>
	<path>C:\Users\91866\OneDrive\Desktop\proj\images\handdrawn2.jpg.jpg</path>
	<source>
		<database>Unknown</database>
	</source>
	<size>
		<width>216</width>
		<height>233</height>
		<depth>3</depth>
	</size>
	<segmented>0</segmented>
	<object>
		<name>text</name>
		<pose>Unspecified</pose>
		<truncated>0</truncated>
		<difficult>0</difficult>
		<bndbox>
			<xmin>6</xmin>
			<ymin>10</ymin>
			<xmax>210</xmax>
			<ymax>204</ymax>
		</bndbox>
	</object>
</annotation>
