<annotation>
	<folder>images</folder>
	<filename>Hand-drawn-UML-class-diagram-and-its-accompanying-interpreted-diagram.png</filename>
	<path>C:\Users\91866\OneDrive\Desktop\proj\images\Hand-drawn-UML-class-diagram-and-its-accompanying-interpreted-diagram.png</path>
	<source>
		<database>Unknown</database>
	</source>
	<size>
		<width>180</width>
		<height>179</height>
		<depth>3</depth>
	</size>
	<segmented>0</segmented>
	<object>
		<name>text</name>
		<pose>Unspecified</pose>
		<truncated>0</truncated>
		<difficult>0</difficult>
		<bndbox>
			<xmin>9</xmin>
			<ymin>17</ymin>
			<xmax>171</xmax>
			<ymax>163</ymax>
		</bndbox>
	</object>
</annotation>
