<annotation>
	<folder>images</folder>
	<filename>handdrawn6.jpg</filename>
	<path>C:\Users\91866\OneDrive\Desktop\proj\images\handdrawn6.jpg</path>
	<source>
		<database>Unknown</database>
	</source>
	<size>
		<width>344</width>
		<height>147</height>
		<depth>3</depth>
	</size>
	<segmented>0</segmented>
	<object>
		<name>text</name>
		<pose>Unspecified</pose>
		<truncated>1</truncated>
		<difficult>0</difficult>
		<bndbox>
			<xmin>9</xmin>
			<ymin>14</ymin>
			<xmax>344</xmax>
			<ymax>146</ymax>
		</bndbox>
	</object>
</annotation>
