<annotation>
	<folder>images</folder>
	<filename>handdrawn1.jpeg</filename>
	<path>C:\Users\91866\OneDrive\Desktop\proj\images\handdrawn1.jpeg</path>
	<source>
		<database>Unknown</database>
	</source>
	<size>
		<width>262</width>
		<height>192</height>
		<depth>1</depth>
	</size>
	<segmented>0</segmented>
	<object>
		<name>text</name>
		<pose>Unspecified</pose>
		<truncated>1</truncated>
		<difficult>0</difficult>
		<bndbox>
			<xmin>3</xmin>
			<ymin>1</ymin>
			<xmax>257</xmax>
			<ymax>192</ymax>
		</bndbox>
	</object>
</annotation>
