<annotation>
	<folder>images</folder>
	<filename>handdrawn17.jpg</filename>
	<path>C:\Users\91866\OneDrive\Desktop\proj\images\handdrawn17.jpg</path>
	<source>
		<database>Unknown</database>
	</source>
	<size>
		<width>1300</width>
		<height>1390</height>
		<depth>3</depth>
	</size>
	<segmented>0</segmented>
	<object>
		<name>text</name>
		<pose>Unspecified</pose>
		<truncated>0</truncated>
		<difficult>0</difficult>
		<bndbox>
			<xmin>266</xmin>
			<ymin>270</ymin>
			<xmax>1043</xmax>
			<ymax>1033</ymax>
		</bndbox>
	</object>
</annotation>
