<annotation>
	<folder>images</folder>
	<filename>handdrawn16.jpg</filename>
	<path>C:\Users\91866\OneDrive\Desktop\proj\images\handdrawn16.jpg</path>
	<source>
		<database>Unknown</database>
	</source>
	<size>
		<width>297</width>
		<height>170</height>
		<depth>3</depth>
	</size>
	<segmented>0</segmented>
	<object>
		<name>text</name>
		<pose>Unspecified</pose>
		<truncated>1</truncated>
		<difficult>0</difficult>
		<bndbox>
			<xmin>2</xmin>
			<ymin>8</ymin>
			<xmax>297</xmax>
			<ymax>167</ymax>
		</bndbox>
	</object>
</annotation>
