<annotation>
	<folder>images</folder>
	<filename>handdrawn5.jpg</filename>
	<path>C:\Users\91866\OneDrive\Desktop\proj\images\handdrawn5.jpg</path>
	<source>
		<database>Unknown</database>
	</source>
	<size>
		<width>259</width>
		<height>194</height>
		<depth>1</depth>
	</size>
	<segmented>0</segmented>
	<object>
		<name>text</name>
		<pose>Unspecified</pose>
		<truncated>1</truncated>
		<difficult>0</difficult>
		<bndbox>
			<xmin>10</xmin>
			<ymin>10</ymin>
			<xmax>259</xmax>
			<ymax>187</ymax>
		</bndbox>
	</object>
</annotation>
