<annotation>
	<folder>images</folder>
	<filename>handdrawn11.jpg</filename>
	<path>C:\Users\91866\OneDrive\Desktop\proj\images\handdrawn11.jpg</path>
	<source>
		<database>Unknown</database>
	</source>
	<size>
		<width>1000</width>
		<height>1000</height>
		<depth>3</depth>
	</size>
	<segmented>0</segmented>
	<object>
		<name>text</name>
		<pose>Unspecified</pose>
		<truncated>0</truncated>
		<difficult>0</difficult>
		<bndbox>
			<xmin>7</xmin>
			<ymin>19</ymin>
			<xmax>973</xmax>
			<ymax>956</ymax>
		</bndbox>
	</object>
</annotation>
