<annotation>
	<folder>images</folder>
	<filename>handdrawn12.jpg</filename>
	<path>C:\Users\91866\OneDrive\Desktop\proj\images\handdrawn12.jpg</path>
	<source>
		<database>Unknown</database>
	</source>
	<size>
		<width>220</width>
		<height>229</height>
		<depth>1</depth>
	</size>
	<segmented>0</segmented>
	<object>
		<name>text</name>
		<pose>Unspecified</pose>
		<truncated>1</truncated>
		<difficult>0</difficult>
		<bndbox>
			<xmin>4</xmin>
			<ymin>1</ymin>
			<xmax>209</xmax>
			<ymax>216</ymax>
		</bndbox>
	</object>
</annotation>
