<annotation>
	<folder>images</folder>
	<filename>handdrawn8.jpg</filename>
	<path>C:\Users\91866\OneDrive\Desktop\proj\images\handdrawn8.jpg</path>
	<source>
		<database>Unknown</database>
	</source>
	<size>
		<width>410</width>
		<height>123</height>
		<depth>3</depth>
	</size>
	<segmented>0</segmented>
	<object>
		<name>text</name>
		<pose>Unspecified</pose>
		<truncated>0</truncated>
		<difficult>0</difficult>
		<bndbox>
			<xmin>68</xmin>
			<ymin>12</ymin>
			<xmax>341</xmax>
			<ymax>109</ymax>
		</bndbox>
	</object>
</annotation>
