<annotation>
	<folder>images</folder>
	<filename>handdrawn14.jpg</filename>
	<path>C:\Users\91866\OneDrive\Desktop\proj\images\handdrawn14.jpg</path>
	<source>
		<database>Unknown</database>
	</source>
	<size>
		<width>168</width>
		<height>299</height>
		<depth>3</depth>
	</size>
	<segmented>0</segmented>
	<object>
		<name>text</name>
		<pose>Unspecified</pose>
		<truncated>0</truncated>
		<difficult>0</difficult>
		<bndbox>
			<xmin>8</xmin>
			<ymin>9</ymin>
			<xmax>167</xmax>
			<ymax>270</ymax>
		</bndbox>
	</object>
</annotation>
