<annotation>
	<folder>images</folder>
	<filename>handdrawn7.jpg</filename>
	<path>C:\Users\91866\OneDrive\Desktop\proj\images\handdrawn7.jpg</path>
	<source>
		<database>Unknown</database>
	</source>
	<size>
		<width>269</width>
		<height>187</height>
		<depth>1</depth>
	</size>
	<segmented>0</segmented>
	<object>
		<name>text</name>
		<pose>Unspecified</pose>
		<truncated>1</truncated>
		<difficult>0</difficult>
		<bndbox>
			<xmin>5</xmin>
			<ymin>1</ymin>
			<xmax>125</xmax>
			<ymax>187</ymax>
		</bndbox>
	</object>
	<object>
		<name>text</name>
		<pose>Unspecified</pose>
		<truncated>1</truncated>
		<difficult>0</difficult>
		<bndbox>
			<xmin>140</xmin>
			<ymin>11</ymin>
			<xmax>256</xmax>
			<ymax>187</ymax>
		</bndbox>
	</object>
</annotation>
