<annotation>
	<folder>images</folder>
	<filename>handdrawn15.jpg</filename>
	<path>C:\Users\91866\OneDrive\Desktop\proj\images\handdrawn15.jpg</path>
	<source>
		<database>Unknown</database>
	</source>
	<size>
		<width>1280</width>
		<height>808</height>
		<depth>3</depth>
	</size>
	<segmented>0</segmented>
	<object>
		<name>text</name>
		<pose>Unspecified</pose>
		<truncated>1</truncated>
		<difficult>0</difficult>
		<bndbox>
			<xmin>45</xmin>
			<ymin>9</ymin>
			<xmax>1280</xmax>
			<ymax>785</ymax>
		</bndbox>
	</object>
</annotation>
