<annotation>
	<folder>images</folder>
	<filename>UML-class-diagram-sketch-in-SUMLOW.png</filename>
	<path>C:\Users\91866\OneDrive\Desktop\proj\images\UML-class-diagram-sketch-in-SUMLOW.png</path>
	<source>
		<database>Unknown</database>
	</source>
	<size>
		<width>673</width>
		<height>508</height>
		<depth>3</depth>
	</size>
	<segmented>0</segmented>
	<object>
		<name>text</name>
		<pose>Unspecified</pose>
		<truncated>0</truncated>
		<difficult>0</difficult>
		<bndbox>
			<xmin>3</xmin>
			<ymin>77</ymin>
			<xmax>629</xmax>
			<ymax>478</ymax>
		</bndbox>
	</object>
</annotation>
